{"loss": [0.07817590981721878, 0.015749217942357063, 0.010112857446074486, 0.007339994888752699, 0.0052594696171581745, 0.004382832441478968, 0.003801405895501375, 0.0028599018696695566, 0.0025108647532761097, 0.0022729244083166122, 0.0021365280263125896, 0.0020221469458192587, 0.0018644327064976096, 0.0017415767069905996, 0.0015114023117348552, 0.0016014444408938289, 0.0014412800082936883, 0.0015429037157446146, 0.0014457670040428638], "mae": [0.3039163053035736, 0.14071209728717804, 0.1120930090546608, 0.09508328139781952, 0.07954307645559311, 0.07339508086442947, 0.06797688454389572, 0.05906187742948532, 0.05422963574528694, 0.05189450457692146, 0.05074204504489899, 0.048437271267175674, 0.045964259654283524, 0.04460812360048294, 0.04159323871135712, 0.042314350605010986, 0.04031674936413765, 0.041276104748249054, 0.03973431512713432], "val_loss": [0.009103003889322281, 0.0026277818251401186, 0.0018353565828874707, 0.0012560095638036728, 0.001673910184763372, 0.0011648883810266852, 0.0017707622610032558, 0.0020726234652101994, 0.0006917745340615511, 0.0009946072241291404, 0.0017958491807803512, 0.0012190851848572493, 0.0018843262223526835, 0.0011360192438587546, 0.0016706992173567414, 0.0014590414939448237, 0.0012644737726077437, 0.0014310001861304045, 0.0014466651482507586], "val_mae": [0.1115066409111023, 0.05751926824450493, 0.052769824862480164, 0.041707541793584824, 0.043817538768053055, 0.03957541286945343, 0.05272926017642021, 0.0605660155415535, 0.030030112713575363, 0.04017869383096695, 0.05522678419947624, 0.0469830222427845, 0.058947816491127014, 0.0450265072286129, 0.055780552327632904, 0.05134551599621773, 0.04824839159846306, 0.051141407340765, 0.051754675805568695], "learning_rate": [0.0010000000474974513, 0.0010000000474974513, 0.0010000000474974513, 0.0010000000474974513, 0.0010000000474974513, 0.0010000000474974513, 0.0010000000474974513, 0.0010000000474974513, 0.0005000000237487257, 0.0005000000237487257, 0.0005000000237487257, 0.0005000000237487257, 0.0005000000237487257, 0.0002500000118743628, 0.0002500000118743628, 0.0002500000118743628, 0.0002500000118743628, 0.0001250000059371814, 0.0001250000059371814]}