{"loss": [0.05871565267443657, 0.03135615959763527, 0.02913288213312626, 0.028800325468182564, 0.027945971116423607, 0.02764657512307167, 0.026901621371507645, 0.026565812528133392, 0.026223937049508095, 0.02621142752468586, 0.02597413957118988, 0.026125468313694, 0.025333842262625694, 0.0256340391933918, 0.026005972176790237, 0.024830766022205353, 0.02582559734582901, 0.025102535262703896], "mae": [0.2768439054489136, 0.2144472599029541, 0.2098541110754013, 0.21011610329151154, 0.2076376974582672, 0.20600880682468414, 0.20491334795951843, 0.20413467288017273, 0.20243968069553375, 0.20297609269618988, 0.2016468197107315, 0.20266442000865936, 0.1998830884695053, 0.20062650740146637, 0.20236365497112274, 0.19837257266044617, 0.202006533741951, 0.19947385787963867], "val_loss": [0.028096869587898254, 0.026601668447256088, 0.02677777409553528, 0.02705913782119751, 0.02659783884882927, 0.02816140092909336, 0.026289140805602074, 0.025976933538913727, 0.02657894603908062, 0.02722807601094246, 0.026320530101656914, 0.026632752269506454, 0.0273224376142025, 0.02780129387974739, 0.027526216581463814, 0.027382496744394302, 0.027457622811198235, 0.027470670640468597], "val_mae": [0.20973855257034302, 0.20492321252822876, 0.20543918013572693, 0.20605377852916718, 0.20257693529129028, 0.20642846822738647, 0.20291359722614288, 0.20193631947040558, 0.2033180445432663, 0.20489884912967682, 0.20221711695194244, 0.20358623564243317, 0.2046690434217453, 0.20564337074756622, 0.20519042015075684, 0.20502738654613495, 0.20520740747451782, 0.20503289997577667], "learning_rate": [0.0010000000474974513, 0.0010000000474974513, 0.0010000000474974513, 0.0010000000474974513, 0.0010000000474974513, 0.0010000000474974513, 0.0005000000237487257, 0.0005000000237487257, 0.0005000000237487257, 0.0005000000237487257, 0.0005000000237487257, 0.0005000000237487257, 0.0002500000118743628, 0.0002500000118743628, 0.0002500000118743628, 0.0002500000118743628, 0.0001250000059371814, 0.0001250000059371814]}